name,type
01,Other
01/19,Other
1,Other
10,Other
11,Other
118_55,Other
12,Other
13,Other
14,Other
15,Other
16,Other
17,Other
18,Other
19,Other
2,Other
20,Other
21,Other
22,Other
23,Other
24,Other
25,Other
26,Other
27,Other
28,Other
29,Other
3,Other
30,Other
31,Other
32,Other
33,Other
34,Other
35,Other
36,Other
4,Other
5,Other
6,Other
7,Other
8,Other
9,Other
A,Other
A1,Other
A14,Other
B,Other
C,Other
CCA3115,AircraftCallSign
CDG2701,AircraftCallSign
CDG8001,AircraftCallSign
CDG8031,AircraftCallSign
CDG8085,AircraftCallSign
CDG8416,AircraftCallSign
CES1111,AircraftCallSign
CES5657,AircraftCallSign
ChangeTo,Other
CHH7306,AircraftCallSign
CJX8923,AircraftCallSign
ClearedForTakeoff,Other
ClearedToLand,Other
Contact,Other
ContactGround,Other
ContactTower,Other
ContinueApproach,Other
CQH6596,AircraftCallSign
CQH7171,AircraftCallSign
CrossRunway,Other
CSC3612,AircraftCallSign
CSC6918,AircraftCallSign
CSC8056,AircraftCallSign
CSN3712,AircraftCallSign
CSN8545,AircraftCallSign
CSN8733,AircraftCallSign
CSZ2861,AircraftCallSign
CSZ3690,AircraftCallSign
CXA8069,AircraftCallSign
D,Other
E,Other
ExecuteMissedApproach,Other
F,Other
FollowMarshallerToStand,Other
G,Other
GoAround,Other
GoingAround,Other
Ground,Other
Heading东,Other
Heading北,Other
Heading南,Other
Heading西,Other
Holding,Other
HoldPosition,Other
HoldShortOfRunway,Other
HoldShortOfRunway(mid),Other
J,Other
K,Other
L,Other
L1,Other
L2,Other
LineUpAndWait,Other
N,Other
OnYourFrequency,Other
P,Other
PushbackApproved,Other
Rejected,Other
RequestPushback,Other
RequestTaxi,Other
Runway01,Other
Runway19,Other
RWY01,Other
RWY19,Other
Spot,Other
StandByPushback,Other
StandByTaxi,Other
StandingBy,Other
T6,Other
TakingOff,Other
TaxiToHoldingPoint,Other
TaxiVia,Other
ToHoldingPoint,Other
Tower,Other
Turn右转,Other
Turn左转,Other
UEA1889,AircraftCallSign
UEA7323,AircraftCallSign
Via,Other
WeAreGoingAround,Other
WeHaveInformation,Other
Wind005-1,Other
Wind005-10,Other
Wind005-11,Other
Wind005-12,Other
Wind005-13,Other
Wind005-14,Other
Wind005-15,Other
Wind005-16,Other
Wind005-17,Other
Wind005-18,Other
Wind005-19,Other
Wind005-2,Other
Wind005-20,Other
Wind005-21,Other
Wind005-22,Other
Wind005-23,Other
Wind005-24,Other
Wind005-25,Other
Wind005-26,Other
Wind005-27,Other
Wind005-28,Other
Wind005-29,Other
Wind005-3,Other
Wind005-30,Other
Wind005-31,Other
Wind005-32,Other
Wind005-33,Other
Wind005-34,Other
Wind005-35,Other
Wind005-4,Other
Wind005-5,Other
Wind005-6,Other
Wind005-7,Other
Wind005-8,Other
Wind005-9,Other
Wind010-1,Other
Wind010-10,Other
Wind010-11,Other
Wind010-12,Other
Wind010-13,Other
Wind010-14,Other
Wind010-15,Other
Wind010-16,Other
Wind010-17,Other
Wind010-18,Other
Wind010-19,Other
Wind010-2,Other
Wind010-20,Other
Wind010-21,Other
Wind010-22,Other
Wind010-23,Other
Wind010-24,Other
Wind010-25,Other
Wind010-26,Other
Wind010-27,Other
Wind010-28,Other
Wind010-29,Other
Wind010-3,Other
Wind010-30,Other
Wind010-31,Other
Wind010-32,Other
Wind010-33,Other
Wind010-34,Other
Wind010-35,Other
Wind010-4,Other
Wind010-5,Other
Wind010-6,Other
Wind010-7,Other
Wind010-8,Other
Wind010-9,Other
Wind015-1,Other
Wind015-10,Other
Wind015-11,Other
Wind015-12,Other
Wind015-13,Other
Wind015-14,Other
Wind015-15,Other
Wind015-16,Other
Wind015-17,Other
Wind015-18,Other
Wind015-19,Other
Wind015-2,Other
Wind015-20,Other
Wind015-21,Other
Wind015-22,Other
Wind015-23,Other
Wind015-24,Other
Wind015-25,Other
Wind015-26,Other
Wind015-27,Other
Wind015-28,Other
Wind015-29,Other
Wind015-3,Other
Wind015-30,Other
Wind015-31,Other
Wind015-32,Other
Wind015-33,Other
Wind015-34,Other
Wind015-35,Other
Wind015-4,Other
Wind015-5,Other
Wind015-6,Other
Wind015-7,Other
Wind015-8,Other
Wind015-9,Other
Wind020-1,Other
Wind020-10,Other
Wind020-11,Other
Wind020-12,Other
Wind020-13,Other
Wind020-14,Other
Wind020-15,Other
Wind020-16,Other
Wind020-17,Other
Wind020-18,Other
Wind020-19,Other
Wind020-2,Other
Wind020-20,Other
Wind020-21,Other
Wind020-22,Other
Wind020-23,Other
Wind020-24,Other
Wind020-25,Other
Wind020-26,Other
Wind020-27,Other
Wind020-28,Other
Wind020-29,Other
Wind020-3,Other
Wind020-30,Other
Wind020-31,Other
Wind020-32,Other
Wind020-33,Other
Wind020-34,Other
Wind020-35,Other
Wind020-4,Other
Wind020-5,Other
Wind020-6,Other
Wind020-7,Other
Wind020-8,Other
Wind020-9,Other
Wind025-1,Other
Wind025-10,Other
Wind025-11,Other
Wind025-12,Other
Wind025-13,Other
Wind025-14,Other
Wind025-15,Other
Wind025-16,Other
Wind025-17,Other
Wind025-18,Other
Wind025-19,Other
Wind025-2,Other
Wind025-20,Other
Wind025-21,Other
Wind025-22,Other
Wind025-23,Other
Wind025-24,Other
Wind025-25,Other
Wind025-26,Other
Wind025-27,Other
Wind025-28,Other
Wind025-29,Other
Wind025-3,Other
Wind025-30,Other
Wind025-31,Other
Wind025-32,Other
Wind025-33,Other
Wind025-34,Other
Wind025-35,Other
Wind025-4,Other
Wind025-5,Other
Wind025-6,Other
Wind025-7,Other
Wind025-8,Other
Wind025-9,Other
Wind030-1,Other
Wind030-10,Other
Wind030-11,Other
Wind030-12,Other
Wind030-13,Other
Wind030-14,Other
Wind030-15,Other
Wind030-16,Other
Wind030-17,Other
Wind030-18,Other
Wind030-19,Other
Wind030-2,Other
Wind030-20,Other
Wind030-21,Other
Wind030-22,Other
Wind030-23,Other
Wind030-24,Other
Wind030-25,Other
Wind030-26,Other
Wind030-27,Other
Wind030-28,Other
Wind030-29,Other
Wind030-3,Other
Wind030-30,Other
Wind030-31,Other
Wind030-32,Other
Wind030-33,Other
Wind030-34,Other
Wind030-35,Other
Wind030-4,Other
Wind030-5,Other
Wind030-6,Other
Wind030-7,Other
Wind030-8,Other
Wind030-9,Other
Wind035-1,Other
Wind035-10,Other
Wind035-11,Other
Wind035-12,Other
Wind035-13,Other
Wind035-14,Other
Wind035-15,Other
Wind035-16,Other
Wind035-17,Other
Wind035-18,Other
Wind035-19,Other
Wind035-2,Other
Wind035-20,Other
Wind035-21,Other
Wind035-22,Other
Wind035-23,Other
Wind035-24,Other
Wind035-25,Other
Wind035-26,Other
Wind035-27,Other
Wind035-28,Other
Wind035-29,Other
Wind035-3,Other
Wind035-30,Other
Wind035-31,Other
Wind035-32,Other
Wind035-33,Other
Wind035-34,Other
Wind035-35,Other
Wind035-4,Other
Wind035-5,Other
Wind035-6,Other
Wind035-7,Other
Wind035-8,Other
Wind035-9,Other
Wind040-1,Other
Wind040-10,Other
Wind040-11,Other
Wind040-12,Other
Wind040-13,Other
Wind040-14,Other
Wind040-15,Other
Wind040-16,Other
Wind040-17,Other
Wind040-18,Other
Wind040-19,Other
Wind040-2,Other
Wind040-20,Other
Wind040-21,Other
Wind040-22,Other
Wind040-23,Other
Wind040-24,Other
Wind040-25,Other
Wind040-26,Other
Wind040-27,Other
Wind040-28,Other
Wind040-29,Other
Wind040-3,Other
Wind040-30,Other
Wind040-31,Other
Wind040-32,Other
Wind040-33,Other
Wind040-34,Other
Wind040-35,Other
Wind040-4,Other
Wind040-5,Other
Wind040-6,Other
Wind040-7,Other
Wind040-8,Other
Wind040-9,Other
Wind045-1,Other
Wind045-10,Other
Wind045-11,Other
Wind045-12,Other
Wind045-13,Other
Wind045-14,Other
Wind045-15,Other
Wind045-16,Other
Wind045-17,Other
Wind045-18,Other
Wind045-19,Other
Wind045-2,Other
Wind045-20,Other
Wind045-21,Other
Wind045-22,Other
Wind045-23,Other
Wind045-24,Other
Wind045-25,Other
Wind045-26,Other
Wind045-27,Other
Wind045-28,Other
Wind045-29,Other
Wind045-3,Other
Wind045-30,Other
Wind045-31,Other
Wind045-32,Other
Wind045-33,Other
Wind045-34,Other
Wind045-35,Other
Wind045-4,Other
Wind045-5,Other
Wind045-6,Other
Wind045-7,Other
Wind045-8,Other
Wind045-9,Other
Wind050-1,Other
Wind050-10,Other
Wind050-11,Other
Wind050-12,Other
Wind050-13,Other
Wind050-14,Other
Wind050-15,Other
Wind050-16,Other
Wind050-17,Other
Wind050-18,Other
Wind050-19,Other
Wind050-2,Other
Wind050-20,Other
Wind050-21,Other
Wind050-22,Other
Wind050-23,Other
Wind050-24,Other
Wind050-25,Other
Wind050-26,Other
Wind050-27,Other
Wind050-28,Other
Wind050-29,Other
Wind050-3,Other
Wind050-30,Other
Wind050-31,Other
Wind050-32,Other
Wind050-33,Other
Wind050-34,Other
Wind050-35,Other
Wind050-4,Other
Wind050-5,Other
Wind050-6,Other
Wind050-7,Other
Wind050-8,Other
Wind050-9,Other
Wind055-1,Other
Wind055-10,Other
Wind055-11,Other
Wind055-12,Other
Wind055-13,Other
Wind055-14,Other
Wind055-15,Other
Wind055-16,Other
Wind055-17,Other
Wind055-18,Other
Wind055-19,Other
Wind055-2,Other
Wind055-20,Other
Wind055-21,Other
Wind055-22,Other
Wind055-23,Other
Wind055-24,Other
Wind055-25,Other
Wind055-26,Other
Wind055-27,Other
Wind055-28,Other
Wind055-29,Other
Wind055-3,Other
Wind055-30,Other
Wind055-31,Other
Wind055-32,Other
Wind055-33,Other
Wind055-34,Other
Wind055-35,Other
Wind055-4,Other
Wind055-5,Other
Wind055-6,Other
Wind055-7,Other
Wind055-8,Other
Wind055-9,Other
Wind060-1,Other
Wind060-10,Other
Wind060-11,Other
Wind060-12,Other
Wind060-13,Other
Wind060-14,Other
Wind060-15,Other
Wind060-16,Other
Wind060-17,Other
Wind060-18,Other
Wind060-19,Other
Wind060-2,Other
Wind060-20,Other
Wind060-21,Other
Wind060-22,Other
Wind060-23,Other
Wind060-24,Other
Wind060-25,Other
Wind060-26,Other
Wind060-27,Other
Wind060-28,Other
Wind060-29,Other
Wind060-3,Other
Wind060-30,Other
Wind060-31,Other
Wind060-32,Other
Wind060-33,Other
Wind060-34,Other
Wind060-35,Other
Wind060-4,Other
Wind060-5,Other
Wind060-6,Other
Wind060-7,Other
Wind060-8,Other
Wind060-9,Other
Wind065-1,Other
Wind065-10,Other
Wind065-11,Other
Wind065-12,Other
Wind065-13,Other
Wind065-14,Other
Wind065-15,Other
Wind065-16,Other
Wind065-17,Other
Wind065-18,Other
Wind065-19,Other
Wind065-2,Other
Wind065-20,Other
Wind065-21,Other
Wind065-22,Other
Wind065-23,Other
Wind065-24,Other
Wind065-25,Other
Wind065-26,Other
Wind065-27,Other
Wind065-28,Other
Wind065-29,Other
Wind065-3,Other
Wind065-30,Other
Wind065-31,Other
Wind065-32,Other
Wind065-33,Other
Wind065-34,Other
Wind065-35,Other
Wind065-4,Other
Wind065-5,Other
Wind065-6,Other
Wind065-7,Other
Wind065-8,Other
Wind065-9,Other
Wind070-1,Other
Wind070-10,Other
Wind070-11,Other
Wind070-12,Other
Wind070-13,Other
Wind070-14,Other
Wind070-15,Other
Wind070-16,Other
Wind070-17,Other
Wind070-18,Other
Wind070-19,Other
Wind070-2,Other
Wind070-20,Other
Wind070-21,Other
Wind070-22,Other
Wind070-23,Other
Wind070-24,Other
Wind070-25,Other
Wind070-26,Other
Wind070-27,Other
Wind070-28,Other
Wind070-29,Other
Wind070-3,Other
Wind070-30,Other
Wind070-31,Other
Wind070-32,Other
Wind070-33,Other
Wind070-34,Other
Wind070-35,Other
Wind070-4,Other
Wind070-5,Other
Wind070-6,Other
Wind070-7,Other
Wind070-8,Other
Wind070-9,Other
Wind075-1,Other
Wind075-10,Other
Wind075-11,Other
Wind075-12,Other
Wind075-13,Other
Wind075-14,Other
Wind075-15,Other
Wind075-16,Other
Wind075-17,Other
Wind075-18,Other
Wind075-19,Other
Wind075-2,Other
Wind075-20,Other
Wind075-21,Other
Wind075-22,Other
Wind075-23,Other
Wind075-24,Other
Wind075-25,Other
Wind075-26,Other
Wind075-27,Other
Wind075-28,Other
Wind075-29,Other
Wind075-3,Other
Wind075-30,Other
Wind075-31,Other
Wind075-32,Other
Wind075-33,Other
Wind075-34,Other
Wind075-35,Other
Wind075-4,Other
Wind075-5,Other
Wind075-6,Other
Wind075-7,Other
Wind075-8,Other
Wind075-9,Other
Wind080-1,Other
Wind080-10,Other
Wind080-11,Other
Wind080-12,Other
Wind080-13,Other
Wind080-14,Other
Wind080-15,Other
Wind080-16,Other
Wind080-17,Other
Wind080-18,Other
Wind080-19,Other
Wind080-2,Other
Wind080-20,Other
Wind080-21,Other
Wind080-22,Other
Wind080-23,Other
Wind080-24,Other
Wind080-25,Other
Wind080-26,Other
Wind080-27,Other
Wind080-28,Other
Wind080-29,Other
Wind080-3,Other
Wind080-30,Other
Wind080-31,Other
Wind080-32,Other
Wind080-33,Other
Wind080-34,Other
Wind080-35,Other
Wind080-4,Other
Wind080-5,Other
Wind080-6,Other
Wind080-7,Other
Wind080-8,Other
Wind080-9,Other
Wind085-1,Other
Wind085-10,Other
Wind085-11,Other
Wind085-12,Other
Wind085-13,Other
Wind085-14,Other
Wind085-15,Other
Wind085-16,Other
Wind085-17,Other
Wind085-18,Other
Wind085-19,Other
Wind085-2,Other
Wind085-20,Other
Wind085-21,Other
Wind085-22,Other
Wind085-23,Other
Wind085-24,Other
Wind085-25,Other
Wind085-26,Other
Wind085-27,Other
Wind085-28,Other
Wind085-29,Other
Wind085-3,Other
Wind085-30,Other
Wind085-31,Other
Wind085-32,Other
Wind085-33,Other
Wind085-34,Other
Wind085-35,Other
Wind085-4,Other
Wind085-5,Other
Wind085-6,Other
Wind085-7,Other
Wind085-8,Other
Wind085-9,Other
Wind090-1,Other
Wind090-10,Other
Wind090-11,Other
Wind090-12,Other
Wind090-13,Other
Wind090-14,Other
Wind090-15,Other
Wind090-16,Other
Wind090-17,Other
Wind090-18,Other
Wind090-19,Other
Wind090-2,Other
Wind090-20,Other
Wind090-21,Other
Wind090-22,Other
Wind090-23,Other
Wind090-24,Other
Wind090-25,Other
Wind090-26,Other
Wind090-27,Other
Wind090-28,Other
Wind090-29,Other
Wind090-3,Other
Wind090-30,Other
Wind090-31,Other
Wind090-32,Other
Wind090-33,Other
Wind090-34,Other
Wind090-35,Other
Wind090-4,Other
Wind090-5,Other
Wind090-6,Other
Wind090-7,Other
Wind090-8,Other
Wind090-9,Other
Wind095-1,Other
Wind095-10,Other
Wind095-11,Other
Wind095-12,Other
Wind095-13,Other
Wind095-14,Other
Wind095-15,Other
Wind095-16,Other
Wind095-17,Other
Wind095-18,Other
Wind095-19,Other
Wind095-2,Other
Wind095-20,Other
Wind095-21,Other
Wind095-22,Other
Wind095-23,Other
Wind095-24,Other
Wind095-25,Other
Wind095-26,Other
Wind095-27,Other
Wind095-28,Other
Wind095-29,Other
Wind095-3,Other
Wind095-30,Other
Wind095-31,Other
Wind095-32,Other
Wind095-33,Other
Wind095-34,Other
Wind095-35,Other
Wind095-4,Other
Wind095-5,Other
Wind095-6,Other
Wind095-7,Other
Wind095-8,Other
Wind095-9,Other
Wind100-1,Other
Wind100-10,Other
Wind100-11,Other
Wind100-12,Other
Wind100-13,Other
Wind100-14,Other
Wind100-15,Other
Wind100-16,Other
Wind100-17,Other
Wind100-18,Other
Wind100-19,Other
Wind100-2,Other
Wind100-20,Other
Wind100-21,Other
Wind100-22,Other
Wind100-23,Other
Wind100-24,Other
Wind100-25,Other
Wind100-26,Other
Wind100-27,Other
Wind100-28,Other
Wind100-29,Other
Wind100-3,Other
Wind100-30,Other
Wind100-31,Other
Wind100-32,Other
Wind100-33,Other
Wind100-34,Other
Wind100-35,Other
Wind100-4,Other
Wind100-5,Other
Wind100-6,Other
Wind100-7,Other
Wind100-8,Other
Wind100-9,Other
Wind105-1,Other
Wind105-10,Other
Wind105-11,Other
Wind105-12,Other
Wind105-13,Other
Wind105-14,Other
Wind105-15,Other
Wind105-16,Other
Wind105-17,Other
Wind105-18,Other
Wind105-19,Other
Wind105-2,Other
Wind105-20,Other
Wind105-21,Other
Wind105-22,Other
Wind105-23,Other
Wind105-24,Other
Wind105-25,Other
Wind105-26,Other
Wind105-27,Other
Wind105-28,Other
Wind105-29,Other
Wind105-3,Other
Wind105-30,Other
Wind105-31,Other
Wind105-32,Other
Wind105-33,Other
Wind105-34,Other
Wind105-35,Other
Wind105-4,Other
Wind105-5,Other
Wind105-6,Other
Wind105-7,Other
Wind105-8,Other
Wind105-9,Other
Wind110-1,Other
Wind110-10,Other
Wind110-11,Other
Wind110-12,Other
Wind110-13,Other
Wind110-14,Other
Wind110-15,Other
Wind110-16,Other
Wind110-17,Other
Wind110-18,Other
Wind110-19,Other
Wind110-2,Other
Wind110-20,Other
Wind110-21,Other
Wind110-22,Other
Wind110-23,Other
Wind110-24,Other
Wind110-25,Other
Wind110-26,Other
Wind110-27,Other
Wind110-28,Other
Wind110-29,Other
Wind110-3,Other
Wind110-30,Other
Wind110-31,Other
Wind110-32,Other
Wind110-33,Other
Wind110-34,Other
Wind110-35,Other
Wind110-4,Other
Wind110-5,Other
Wind110-6,Other
Wind110-7,Other
Wind110-8,Other
Wind110-9,Other
Wind115-1,Other
Wind115-10,Other
Wind115-11,Other
Wind115-12,Other
Wind115-13,Other
Wind115-14,Other
Wind115-15,Other
Wind115-16,Other
Wind115-17,Other
Wind115-18,Other
Wind115-19,Other
Wind115-2,Other
Wind115-20,Other
Wind115-21,Other
Wind115-22,Other
Wind115-23,Other
Wind115-24,Other
Wind115-25,Other
Wind115-26,Other
Wind115-27,Other
Wind115-28,Other
Wind115-29,Other
Wind115-3,Other
Wind115-30,Other
Wind115-31,Other
Wind115-32,Other
Wind115-33,Other
Wind115-34,Other
Wind115-35,Other
Wind115-4,Other
Wind115-5,Other
Wind115-6,Other
Wind115-7,Other
Wind115-8,Other
Wind115-9,Other
Wind120-1,Other
Wind120-10,Other
Wind120-11,Other
Wind120-12,Other
Wind120-13,Other
Wind120-14,Other
Wind120-15,Other
Wind120-16,Other
Wind120-17,Other
Wind120-18,Other
Wind120-19,Other
Wind120-2,Other
Wind120-20,Other
Wind120-21,Other
Wind120-22,Other
Wind120-23,Other
Wind120-24,Other
Wind120-25,Other
Wind120-26,Other
Wind120-27,Other
Wind120-28,Other
Wind120-29,Other
Wind120-3,Other
Wind120-30,Other
Wind120-31,Other
Wind120-32,Other
Wind120-33,Other
Wind120-34,Other
Wind120-35,Other
Wind120-4,Other
Wind120-5,Other
Wind120-6,Other
Wind120-7,Other
Wind120-8,Other
Wind120-9,Other
Wind125-1,Other
Wind125-10,Other
Wind125-11,Other
Wind125-12,Other
Wind125-13,Other
Wind125-14,Other
Wind125-15,Other
Wind125-16,Other
Wind125-17,Other
Wind125-18,Other
Wind125-19,Other
Wind125-2,Other
Wind125-20,Other
Wind125-21,Other
Wind125-22,Other
Wind125-23,Other
Wind125-24,Other
Wind125-25,Other
Wind125-26,Other
Wind125-27,Other
Wind125-28,Other
Wind125-29,Other
Wind125-3,Other
Wind125-30,Other
Wind125-31,Other
Wind125-32,Other
Wind125-33,Other
Wind125-34,Other
Wind125-35,Other
Wind125-4,Other
Wind125-5,Other
Wind125-6,Other
Wind125-7,Other
Wind125-8,Other
Wind125-9,Other
Wind130-1,Other
Wind130-10,Other
Wind130-11,Other
Wind130-12,Other
Wind130-13,Other
Wind130-14,Other
Wind130-15,Other
Wind130-16,Other
Wind130-17,Other
Wind130-18,Other
Wind130-19,Other
Wind130-2,Other
Wind130-20,Other
Wind130-21,Other
Wind130-22,Other
Wind130-23,Other
Wind130-24,Other
Wind130-25,Other
Wind130-26,Other
Wind130-27,Other
Wind130-28,Other
Wind130-29,Other
Wind130-3,Other
Wind130-30,Other
Wind130-31,Other
Wind130-32,Other
Wind130-33,Other
Wind130-34,Other
Wind130-35,Other
Wind130-4,Other
Wind130-5,Other
Wind130-6,Other
Wind130-7,Other
Wind130-8,Other
Wind130-9,Other
Wind135-1,Other
Wind135-10,Other
Wind135-11,Other
Wind135-12,Other
Wind135-13,Other
Wind135-14,Other
Wind135-15,Other
Wind135-16,Other
Wind135-17,Other
Wind135-18,Other
Wind135-19,Other
Wind135-2,Other
Wind135-20,Other
Wind135-21,Other
Wind135-22,Other
Wind135-23,Other
Wind135-24,Other
Wind135-25,Other
Wind135-26,Other
Wind135-27,Other
Wind135-28,Other
Wind135-29,Other
Wind135-3,Other
Wind135-30,Other
Wind135-31,Other
Wind135-32,Other
Wind135-33,Other
Wind135-34,Other
Wind135-35,Other
Wind135-4,Other
Wind135-5,Other
Wind135-6,Other
Wind135-7,Other
Wind135-8,Other
Wind135-9,Other
Wind140-1,Other
Wind140-10,Other
Wind140-11,Other
Wind140-12,Other
Wind140-13,Other
Wind140-14,Other
Wind140-15,Other
Wind140-16,Other
Wind140-17,Other
Wind140-18,Other
Wind140-19,Other
Wind140-2,Other
Wind140-20,Other
Wind140-21,Other
Wind140-22,Other
Wind140-23,Other
Wind140-24,Other
Wind140-25,Other
Wind140-26,Other
Wind140-27,Other
Wind140-28,Other
Wind140-29,Other
Wind140-3,Other
Wind140-30,Other
Wind140-31,Other
Wind140-32,Other
Wind140-33,Other
Wind140-34,Other
Wind140-35,Other
Wind140-4,Other
Wind140-5,Other
Wind140-6,Other
Wind140-7,Other
Wind140-8,Other
Wind140-9,Other
Wind145-1,Other
Wind145-10,Other
Wind145-11,Other
Wind145-12,Other
Wind145-13,Other
Wind145-14,Other
Wind145-15,Other
Wind145-16,Other
Wind145-17,Other
Wind145-18,Other
Wind145-19,Other
Wind145-2,Other
Wind145-20,Other
Wind145-21,Other
Wind145-22,Other
Wind145-23,Other
Wind145-24,Other
Wind145-25,Other
Wind145-26,Other
Wind145-27,Other
Wind145-28,Other
Wind145-29,Other
Wind145-3,Other
Wind145-30,Other
Wind145-31,Other
Wind145-32,Other
Wind145-33,Other
Wind145-34,Other
Wind145-35,Other
Wind145-4,Other
Wind145-5,Other
Wind145-6,Other
Wind145-7,Other
Wind145-8,Other
Wind145-9,Other
Wind150-1,Other
Wind150-10,Other
Wind150-11,Other
Wind150-12,Other
Wind150-13,Other
Wind150-14,Other
Wind150-15,Other
Wind150-16,Other
Wind150-17,Other
Wind150-18,Other
Wind150-19,Other
Wind150-2,Other
Wind150-20,Other
Wind150-21,Other
Wind150-22,Other
Wind150-23,Other
Wind150-24,Other
Wind150-25,Other
Wind150-26,Other
Wind150-27,Other
Wind150-28,Other
Wind150-29,Other
Wind150-3,Other
Wind150-30,Other
Wind150-31,Other
Wind150-32,Other
Wind150-33,Other
Wind150-34,Other
Wind150-35,Other
Wind150-4,Other
Wind150-5,Other
Wind150-6,Other
Wind150-7,Other
Wind150-8,Other
Wind150-9,Other
Wind155-1,Other
Wind155-10,Other
Wind155-11,Other
Wind155-12,Other
Wind155-13,Other
Wind155-14,Other
Wind155-15,Other
Wind155-16,Other
Wind155-17,Other
Wind155-18,Other
Wind155-19,Other
Wind155-2,Other
Wind155-20,Other
Wind155-21,Other
Wind155-22,Other
Wind155-23,Other
Wind155-24,Other
Wind155-25,Other
Wind155-26,Other
Wind155-27,Other
Wind155-28,Other
Wind155-29,Other
Wind155-3,Other
Wind155-30,Other
Wind155-31,Other
Wind155-32,Other
Wind155-33,Other
Wind155-34,Other
Wind155-35,Other
Wind155-4,Other
Wind155-5,Other
Wind155-6,Other
Wind155-7,Other
Wind155-8,Other
Wind155-9,Other
Wind160-1,Other
Wind160-10,Other
Wind160-11,Other
Wind160-12,Other
Wind160-13,Other
Wind160-14,Other
Wind160-15,Other
Wind160-16,Other
Wind160-17,Other
Wind160-18,Other
Wind160-19,Other
Wind160-2,Other
Wind160-20,Other
Wind160-21,Other
Wind160-22,Other
Wind160-23,Other
Wind160-24,Other
Wind160-25,Other
Wind160-26,Other
Wind160-27,Other
Wind160-28,Other
Wind160-29,Other
Wind160-3,Other
Wind160-30,Other
Wind160-31,Other
Wind160-32,Other
Wind160-33,Other
Wind160-34,Other
Wind160-35,Other
Wind160-4,Other
Wind160-5,Other
Wind160-6,Other
Wind160-7,Other
Wind160-8,Other
Wind160-9,Other
Wind165-1,Other
Wind165-10,Other
Wind165-11,Other
Wind165-12,Other
Wind165-13,Other
Wind165-14,Other
Wind165-15,Other
Wind165-16,Other
Wind165-17,Other
Wind165-18,Other
Wind165-19,Other
Wind165-2,Other
Wind165-20,Other
Wind165-21,Other
Wind165-22,Other
Wind165-23,Other
Wind165-24,Other
Wind165-25,Other
Wind165-26,Other
Wind165-27,Other
Wind165-28,Other
Wind165-29,Other
Wind165-3,Other
Wind165-30,Other
Wind165-31,Other
Wind165-32,Other
Wind165-33,Other
Wind165-34,Other
Wind165-35,Other
Wind165-4,Other
Wind165-5,Other
Wind165-6,Other
Wind165-7,Other
Wind165-8,Other
Wind165-9,Other
Wind170-1,Other
Wind170-10,Other
Wind170-11,Other
Wind170-12,Other
Wind170-13,Other
Wind170-14,Other
Wind170-15,Other
Wind170-16,Other
Wind170-17,Other
Wind170-18,Other
Wind170-19,Other
Wind170-2,Other
Wind170-20,Other
Wind170-21,Other
Wind170-22,Other
Wind170-23,Other
Wind170-24,Other
Wind170-25,Other
Wind170-26,Other
Wind170-27,Other
Wind170-28,Other
Wind170-29,Other
Wind170-3,Other
Wind170-30,Other
Wind170-31,Other
Wind170-32,Other
Wind170-33,Other
Wind170-34,Other
Wind170-35,Other
Wind170-4,Other
Wind170-5,Other
Wind170-6,Other
Wind170-7,Other
Wind170-8,Other
Wind170-9,Other
Wind175-1,Other
Wind175-10,Other
Wind175-11,Other
Wind175-12,Other
Wind175-13,Other
Wind175-14,Other
Wind175-15,Other
Wind175-16,Other
Wind175-17,Other
Wind175-18,Other
Wind175-19,Other
Wind175-2,Other
Wind175-20,Other
Wind175-21,Other
Wind175-22,Other
Wind175-23,Other
Wind175-24,Other
Wind175-25,Other
Wind175-26,Other
Wind175-27,Other
Wind175-28,Other
Wind175-29,Other
Wind175-3,Other
Wind175-30,Other
Wind175-31,Other
Wind175-32,Other
Wind175-33,Other
Wind175-34,Other
Wind175-35,Other
Wind175-4,Other
Wind175-5,Other
Wind175-6,Other
Wind175-7,Other
Wind175-8,Other
Wind175-9,Other
Wind180-1,Other
Wind180-10,Other
Wind180-11,Other
Wind180-12,Other
Wind180-13,Other
Wind180-14,Other
Wind180-15,Other
Wind180-16,Other
Wind180-17,Other
Wind180-18,Other
Wind180-19,Other
Wind180-2,Other
Wind180-20,Other
Wind180-21,Other
Wind180-22,Other
Wind180-23,Other
Wind180-24,Other
Wind180-25,Other
Wind180-26,Other
Wind180-27,Other
Wind180-28,Other
Wind180-29,Other
Wind180-3,Other
Wind180-30,Other
Wind180-31,Other
Wind180-32,Other
Wind180-33,Other
Wind180-34,Other
Wind180-35,Other
Wind180-4,Other
Wind180-5,Other
Wind180-6,Other
Wind180-7,Other
Wind180-8,Other
Wind180-9,Other
Wind185-1,Other
Wind185-10,Other
Wind185-11,Other
Wind185-12,Other
Wind185-13,Other
Wind185-14,Other
Wind185-15,Other
Wind185-16,Other
Wind185-17,Other
Wind185-18,Other
Wind185-19,Other
Wind185-2,Other
Wind185-20,Other
Wind185-21,Other
Wind185-22,Other
Wind185-23,Other
Wind185-24,Other
Wind185-25,Other
Wind185-26,Other
Wind185-27,Other
Wind185-28,Other
Wind185-29,Other
Wind185-3,Other
Wind185-30,Other
Wind185-31,Other
Wind185-32,Other
Wind185-33,Other
Wind185-34,Other
Wind185-35,Other
Wind185-4,Other
Wind185-5,Other
Wind185-6,Other
Wind185-7,Other
Wind185-8,Other
Wind185-9,Other
Wind190-1,Other
Wind190-10,Other
Wind190-11,Other
Wind190-12,Other
Wind190-13,Other
Wind190-14,Other
Wind190-15,Other
Wind190-16,Other
Wind190-17,Other
Wind190-18,Other
Wind190-19,Other
Wind190-2,Other
Wind190-20,Other
Wind190-21,Other
Wind190-22,Other
Wind190-23,Other
Wind190-24,Other
Wind190-25,Other
Wind190-26,Other
Wind190-27,Other
Wind190-28,Other
Wind190-29,Other
Wind190-3,Other
Wind190-30,Other
Wind190-31,Other
Wind190-32,Other
Wind190-33,Other
Wind190-34,Other
Wind190-35,Other
Wind190-4,Other
Wind190-5,Other
Wind190-6,Other
Wind190-7,Other
Wind190-8,Other
Wind190-9,Other
Wind195-1,Other
Wind195-10,Other
Wind195-11,Other
Wind195-12,Other
Wind195-13,Other
Wind195-14,Other
Wind195-15,Other
Wind195-16,Other
Wind195-17,Other
Wind195-18,Other
Wind195-19,Other
Wind195-2,Other
Wind195-20,Other
Wind195-21,Other
Wind195-22,Other
Wind195-23,Other
Wind195-24,Other
Wind195-25,Other
Wind195-26,Other
Wind195-27,Other
Wind195-28,Other
Wind195-29,Other
Wind195-3,Other
Wind195-30,Other
Wind195-31,Other
Wind195-32,Other
Wind195-33,Other
Wind195-34,Other
Wind195-35,Other
Wind195-4,Other
Wind195-5,Other
Wind195-6,Other
Wind195-7,Other
Wind195-8,Other
Wind195-9,Other
Wind200-1,Other
Wind200-10,Other
Wind200-11,Other
Wind200-12,Other
Wind200-13,Other
Wind200-14,Other
Wind200-15,Other
Wind200-16,Other
Wind200-17,Other
Wind200-18,Other
Wind200-19,Other
Wind200-2,Other
Wind200-20,Other
Wind200-21,Other
Wind200-22,Other
Wind200-23,Other
Wind200-24,Other
Wind200-25,Other
Wind200-26,Other
Wind200-27,Other
Wind200-28,Other
Wind200-29,Other
Wind200-3,Other
Wind200-30,Other
Wind200-31,Other
Wind200-32,Other
Wind200-33,Other
Wind200-34,Other
Wind200-35,Other
Wind200-4,Other
Wind200-5,Other
Wind200-6,Other
Wind200-7,Other
Wind200-8,Other
Wind200-9,Other
Wind205-1,Other
Wind205-10,Other
Wind205-11,Other
Wind205-12,Other
Wind205-13,Other
Wind205-14,Other
Wind205-15,Other
Wind205-16,Other
Wind205-17,Other
Wind205-18,Other
Wind205-19,Other
Wind205-2,Other
Wind205-20,Other
Wind205-21,Other
Wind205-22,Other
Wind205-23,Other
Wind205-24,Other
Wind205-25,Other
Wind205-26,Other
Wind205-27,Other
Wind205-28,Other
Wind205-29,Other
Wind205-3,Other
Wind205-30,Other
Wind205-31,Other
Wind205-32,Other
Wind205-33,Other
Wind205-34,Other
Wind205-35,Other
Wind205-4,Other
Wind205-5,Other
Wind205-6,Other
Wind205-7,Other
Wind205-8,Other
Wind205-9,Other
Wind210-1,Other
Wind210-10,Other
Wind210-11,Other
Wind210-12,Other
Wind210-13,Other
Wind210-14,Other
Wind210-15,Other
Wind210-16,Other
Wind210-17,Other
Wind210-18,Other
Wind210-19,Other
Wind210-2,Other
Wind210-20,Other
Wind210-21,Other
Wind210-22,Other
Wind210-23,Other
Wind210-24,Other
Wind210-25,Other
Wind210-26,Other
Wind210-27,Other
Wind210-28,Other
Wind210-29,Other
Wind210-3,Other
Wind210-30,Other
Wind210-31,Other
Wind210-32,Other
Wind210-33,Other
Wind210-34,Other
Wind210-35,Other
Wind210-4,Other
Wind210-5,Other
Wind210-6,Other
Wind210-7,Other
Wind210-8,Other
Wind210-9,Other
Wind215-1,Other
Wind215-10,Other
Wind215-11,Other
Wind215-12,Other
Wind215-13,Other
Wind215-14,Other
Wind215-15,Other
Wind215-16,Other
Wind215-17,Other
Wind215-18,Other
Wind215-19,Other
Wind215-2,Other
Wind215-20,Other
Wind215-21,Other
Wind215-22,Other
Wind215-23,Other
Wind215-24,Other
Wind215-25,Other
Wind215-26,Other
Wind215-27,Other
Wind215-28,Other
Wind215-29,Other
Wind215-3,Other
Wind215-30,Other
Wind215-31,Other
Wind215-32,Other
Wind215-33,Other
Wind215-34,Other
Wind215-35,Other
Wind215-4,Other
Wind215-5,Other
Wind215-6,Other
Wind215-7,Other
Wind215-8,Other
Wind215-9,Other
Wind220-1,Other
Wind220-10,Other
Wind220-11,Other
Wind220-12,Other
Wind220-13,Other
Wind220-14,Other
Wind220-15,Other
Wind220-16,Other
Wind220-17,Other
Wind220-18,Other
Wind220-19,Other
Wind220-2,Other
Wind220-20,Other
Wind220-21,Other
Wind220-22,Other
Wind220-23,Other
Wind220-24,Other
Wind220-25,Other
Wind220-26,Other
Wind220-27,Other
Wind220-28,Other
Wind220-29,Other
Wind220-3,Other
Wind220-30,Other
Wind220-31,Other
Wind220-32,Other
Wind220-33,Other
Wind220-34,Other
Wind220-35,Other
Wind220-4,Other
Wind220-5,Other
Wind220-6,Other
Wind220-7,Other
Wind220-8,Other
Wind220-9,Other
Wind225-1,Other
Wind225-10,Other
Wind225-11,Other
Wind225-12,Other
Wind225-13,Other
Wind225-14,Other
Wind225-15,Other
Wind225-16,Other
Wind225-17,Other
Wind225-18,Other
Wind225-19,Other
Wind225-2,Other
Wind225-20,Other
Wind225-21,Other
Wind225-22,Other
Wind225-23,Other
Wind225-24,Other
Wind225-25,Other
Wind225-26,Other
Wind225-27,Other
Wind225-28,Other
Wind225-29,Other
Wind225-3,Other
Wind225-30,Other
Wind225-31,Other
Wind225-32,Other
Wind225-33,Other
Wind225-34,Other
Wind225-35,Other
Wind225-4,Other
Wind225-5,Other
Wind225-6,Other
Wind225-7,Other
Wind225-8,Other
Wind225-9,Other
Wind230-1,Other
Wind230-10,Other
Wind230-11,Other
Wind230-12,Other
Wind230-13,Other
Wind230-14,Other
Wind230-15,Other
Wind230-16,Other
Wind230-17,Other
Wind230-18,Other
Wind230-19,Other
Wind230-2,Other
Wind230-20,Other
Wind230-21,Other
Wind230-22,Other
Wind230-23,Other
Wind230-24,Other
Wind230-25,Other
Wind230-26,Other
Wind230-27,Other
Wind230-28,Other
Wind230-29,Other
Wind230-3,Other
Wind230-30,Other
Wind230-31,Other
Wind230-32,Other
Wind230-33,Other
Wind230-34,Other
Wind230-35,Other
Wind230-4,Other
Wind230-5,Other
Wind230-6,Other
Wind230-7,Other
Wind230-8,Other
Wind230-9,Other
Wind235-1,Other
Wind235-10,Other
Wind235-11,Other
Wind235-12,Other
Wind235-13,Other
Wind235-14,Other
Wind235-15,Other
Wind235-16,Other
Wind235-17,Other
Wind235-18,Other
Wind235-19,Other
Wind235-2,Other
Wind235-20,Other
Wind235-21,Other
Wind235-22,Other
Wind235-23,Other
Wind235-24,Other
Wind235-25,Other
Wind235-26,Other
Wind235-27,Other
Wind235-28,Other
Wind235-29,Other
Wind235-3,Other
Wind235-30,Other
Wind235-31,Other
Wind235-32,Other
Wind235-33,Other
Wind235-34,Other
Wind235-35,Other
Wind235-4,Other
Wind235-5,Other
Wind235-6,Other
Wind235-7,Other
Wind235-8,Other
Wind235-9,Other
Wind240-1,Other
Wind240-10,Other
Wind240-11,Other
Wind240-12,Other
Wind240-13,Other
Wind240-14,Other
Wind240-15,Other
Wind240-16,Other
Wind240-17,Other
Wind240-18,Other
Wind240-19,Other
Wind240-2,Other
Wind240-20,Other
Wind240-21,Other
Wind240-22,Other
Wind240-23,Other
Wind240-24,Other
Wind240-25,Other
Wind240-26,Other
Wind240-27,Other
Wind240-28,Other
Wind240-29,Other
Wind240-3,Other
Wind240-30,Other
Wind240-31,Other
Wind240-32,Other
Wind240-33,Other
Wind240-34,Other
Wind240-35,Other
Wind240-4,Other
Wind240-5,Other
Wind240-6,Other
Wind240-7,Other
Wind240-8,Other
Wind240-9,Other
Wind245-1,Other
Wind245-10,Other
Wind245-11,Other
Wind245-12,Other
Wind245-13,Other
Wind245-14,Other
Wind245-15,Other
Wind245-16,Other
Wind245-17,Other
Wind245-18,Other
Wind245-19,Other
Wind245-2,Other
Wind245-20,Other
Wind245-21,Other
Wind245-22,Other
Wind245-23,Other
Wind245-24,Other
Wind245-25,Other
Wind245-26,Other
Wind245-27,Other
Wind245-28,Other
Wind245-29,Other
Wind245-3,Other
Wind245-30,Other
Wind245-31,Other
Wind245-32,Other
Wind245-33,Other
Wind245-34,Other
Wind245-35,Other
Wind245-4,Other
Wind245-5,Other
Wind245-6,Other
Wind245-7,Other
Wind245-8,Other
Wind245-9,Other
Wind250-1,Other
Wind250-10,Other
Wind250-11,Other
Wind250-12,Other
Wind250-13,Other
Wind250-14,Other
Wind250-15,Other
Wind250-16,Other
Wind250-17,Other
Wind250-18,Other
Wind250-19,Other
Wind250-2,Other
Wind250-20,Other
Wind250-21,Other
Wind250-22,Other
Wind250-23,Other
Wind250-24,Other
Wind250-25,Other
Wind250-26,Other
Wind250-27,Other
Wind250-28,Other
Wind250-29,Other
Wind250-3,Other
Wind250-30,Other
Wind250-31,Other
Wind250-32,Other
Wind250-33,Other
Wind250-34,Other
Wind250-35,Other
Wind250-4,Other
Wind250-5,Other
Wind250-6,Other
Wind250-7,Other
Wind250-8,Other
Wind250-9,Other
Wind255-1,Other
Wind255-10,Other
Wind255-11,Other
Wind255-12,Other
Wind255-13,Other
Wind255-14,Other
Wind255-15,Other
Wind255-16,Other
Wind255-17,Other
Wind255-18,Other
Wind255-19,Other
Wind255-2,Other
Wind255-20,Other
Wind255-21,Other
Wind255-22,Other
Wind255-23,Other
Wind255-24,Other
Wind255-25,Other
Wind255-26,Other
Wind255-27,Other
Wind255-28,Other
Wind255-29,Other
Wind255-3,Other
Wind255-30,Other
Wind255-31,Other
Wind255-32,Other
Wind255-33,Other
Wind255-34,Other
Wind255-35,Other
Wind255-4,Other
Wind255-5,Other
Wind255-6,Other
Wind255-7,Other
Wind255-8,Other
Wind255-9,Other
Wind260-1,Other
Wind260-10,Other
Wind260-11,Other
Wind260-12,Other
Wind260-13,Other
Wind260-14,Other
Wind260-15,Other
Wind260-16,Other
Wind260-17,Other
Wind260-18,Other
Wind260-19,Other
Wind260-2,Other
Wind260-20,Other
Wind260-21,Other
Wind260-22,Other
Wind260-23,Other
Wind260-24,Other
Wind260-25,Other
Wind260-26,Other
Wind260-27,Other
Wind260-28,Other
Wind260-29,Other
Wind260-3,Other
Wind260-30,Other
Wind260-31,Other
Wind260-32,Other
Wind260-33,Other
Wind260-34,Other
Wind260-35,Other
Wind260-4,Other
Wind260-5,Other
Wind260-6,Other
Wind260-7,Other
Wind260-8,Other
Wind260-9,Other
Wind265-1,Other
Wind265-10,Other
Wind265-11,Other
Wind265-12,Other
Wind265-13,Other
Wind265-14,Other
Wind265-15,Other
Wind265-16,Other
Wind265-17,Other
Wind265-18,Other
Wind265-19,Other
Wind265-2,Other
Wind265-20,Other
Wind265-21,Other
Wind265-22,Other
Wind265-23,Other
Wind265-24,Other
Wind265-25,Other
Wind265-26,Other
Wind265-27,Other
Wind265-28,Other
Wind265-29,Other
Wind265-3,Other
Wind265-30,Other
Wind265-31,Other
Wind265-32,Other
Wind265-33,Other
Wind265-34,Other
Wind265-35,Other
Wind265-4,Other
Wind265-5,Other
Wind265-6,Other
Wind265-7,Other
Wind265-8,Other
Wind265-9,Other
Wind270-1,Other
Wind270-10,Other
Wind270-11,Other
Wind270-12,Other
Wind270-13,Other
Wind270-14,Other
Wind270-15,Other
Wind270-16,Other
Wind270-17,Other
Wind270-18,Other
Wind270-19,Other
Wind270-2,Other
Wind270-20,Other
Wind270-21,Other
Wind270-22,Other
Wind270-23,Other
Wind270-24,Other
Wind270-25,Other
Wind270-26,Other
Wind270-27,Other
Wind270-28,Other
Wind270-29,Other
Wind270-3,Other
Wind270-30,Other
Wind270-31,Other
Wind270-32,Other
Wind270-33,Other
Wind270-34,Other
Wind270-35,Other
Wind270-4,Other
Wind270-5,Other
Wind270-6,Other
Wind270-7,Other
Wind270-8,Other
Wind270-9,Other
Wind275-1,Other
Wind275-10,Other
Wind275-11,Other
Wind275-12,Other
Wind275-13,Other
Wind275-14,Other
Wind275-15,Other
Wind275-16,Other
Wind275-17,Other
Wind275-18,Other
Wind275-19,Other
Wind275-2,Other
Wind275-20,Other
Wind275-21,Other
Wind275-22,Other
Wind275-23,Other
Wind275-24,Other
Wind275-25,Other
Wind275-26,Other
Wind275-27,Other
Wind275-28,Other
Wind275-29,Other
Wind275-3,Other
Wind275-30,Other
Wind275-31,Other
Wind275-32,Other
Wind275-33,Other
Wind275-34,Other
Wind275-35,Other
Wind275-4,Other
Wind275-5,Other
Wind275-6,Other
Wind275-7,Other
Wind275-8,Other
Wind275-9,Other
Wind280-1,Other
Wind280-10,Other
Wind280-11,Other
Wind280-12,Other
Wind280-13,Other
Wind280-14,Other
Wind280-15,Other
Wind280-16,Other
Wind280-17,Other
Wind280-18,Other
Wind280-19,Other
Wind280-2,Other
Wind280-20,Other
Wind280-21,Other
Wind280-22,Other
Wind280-23,Other
Wind280-24,Other
Wind280-25,Other
Wind280-26,Other
Wind280-27,Other
Wind280-28,Other
Wind280-29,Other
Wind280-3,Other
Wind280-30,Other
Wind280-31,Other
Wind280-32,Other
Wind280-33,Other
Wind280-34,Other
Wind280-35,Other
Wind280-4,Other
Wind280-5,Other
Wind280-6,Other
Wind280-7,Other
Wind280-8,Other
Wind280-9,Other
Wind285-1,Other
Wind285-10,Other
Wind285-11,Other
Wind285-12,Other
Wind285-13,Other
Wind285-14,Other
Wind285-15,Other
Wind285-16,Other
Wind285-17,Other
Wind285-18,Other
Wind285-19,Other
Wind285-2,Other
Wind285-20,Other
Wind285-21,Other
Wind285-22,Other
Wind285-23,Other
Wind285-24,Other
Wind285-25,Other
Wind285-26,Other
Wind285-27,Other
Wind285-28,Other
Wind285-29,Other
Wind285-3,Other
Wind285-30,Other
Wind285-31,Other
Wind285-32,Other
Wind285-33,Other
Wind285-34,Other
Wind285-35,Other
Wind285-4,Other
Wind285-5,Other
Wind285-6,Other
Wind285-7,Other
Wind285-8,Other
Wind285-9,Other
Wind290-1,Other
Wind290-10,Other
Wind290-11,Other
Wind290-12,Other
Wind290-13,Other
Wind290-14,Other
Wind290-15,Other
Wind290-16,Other
Wind290-17,Other
Wind290-18,Other
Wind290-19,Other
Wind290-2,Other
Wind290-20,Other
Wind290-21,Other
Wind290-22,Other
Wind290-23,Other
Wind290-24,Other
Wind290-25,Other
Wind290-26,Other
Wind290-27,Other
Wind290-28,Other
Wind290-29,Other
Wind290-3,Other
Wind290-30,Other
Wind290-31,Other
Wind290-32,Other
Wind290-33,Other
Wind290-34,Other
Wind290-35,Other
Wind290-4,Other
Wind290-5,Other
Wind290-6,Other
Wind290-7,Other
Wind290-8,Other
Wind290-9,Other
Wind295-1,Other
Wind295-10,Other
Wind295-11,Other
Wind295-12,Other
Wind295-13,Other
Wind295-14,Other
Wind295-15,Other
Wind295-16,Other
Wind295-17,Other
Wind295-18,Other
Wind295-19,Other
Wind295-2,Other
Wind295-20,Other
Wind295-21,Other
Wind295-22,Other
Wind295-23,Other
Wind295-24,Other
Wind295-25,Other
Wind295-26,Other
Wind295-27,Other
Wind295-28,Other
Wind295-29,Other
Wind295-3,Other
Wind295-30,Other
Wind295-31,Other
Wind295-32,Other
Wind295-33,Other
Wind295-34,Other
Wind295-35,Other
Wind295-4,Other
Wind295-5,Other
Wind295-6,Other
Wind295-7,Other
Wind295-8,Other
Wind295-9,Other
Wind300-1,Other
Wind300-10,Other
Wind300-11,Other
Wind300-12,Other
Wind300-13,Other
Wind300-14,Other
Wind300-15,Other
Wind300-16,Other
Wind300-17,Other
Wind300-18,Other
Wind300-19,Other
Wind300-2,Other
Wind300-20,Other
Wind300-21,Other
Wind300-22,Other
Wind300-23,Other
Wind300-24,Other
Wind300-25,Other
Wind300-26,Other
Wind300-27,Other
Wind300-28,Other
Wind300-29,Other
Wind300-3,Other
Wind300-30,Other
Wind300-31,Other
Wind300-32,Other
Wind300-33,Other
Wind300-34,Other
Wind300-35,Other
Wind300-4,Other
Wind300-5,Other
Wind300-6,Other
Wind300-7,Other
Wind300-8,Other
Wind300-9,Other
Wind305-1,Other
Wind305-10,Other
Wind305-11,Other
Wind305-12,Other
Wind305-13,Other
Wind305-14,Other
Wind305-15,Other
Wind305-16,Other
Wind305-17,Other
Wind305-18,Other
Wind305-19,Other
Wind305-2,Other
Wind305-20,Other
Wind305-21,Other
Wind305-22,Other
Wind305-23,Other
Wind305-24,Other
Wind305-25,Other
Wind305-26,Other
Wind305-27,Other
Wind305-28,Other
Wind305-29,Other
Wind305-3,Other
Wind305-30,Other
Wind305-31,Other
Wind305-32,Other
Wind305-33,Other
Wind305-34,Other
Wind305-35,Other
Wind305-4,Other
Wind305-5,Other
Wind305-6,Other
Wind305-7,Other
Wind305-8,Other
Wind305-9,Other
Wind310-1,Other
Wind310-10,Other
Wind310-11,Other
Wind310-12,Other
Wind310-13,Other
Wind310-14,Other
Wind310-15,Other
Wind310-16,Other
Wind310-17,Other
Wind310-18,Other
Wind310-19,Other
Wind310-2,Other
Wind310-20,Other
Wind310-21,Other
Wind310-22,Other
Wind310-23,Other
Wind310-24,Other
Wind310-25,Other
Wind310-26,Other
Wind310-27,Other
Wind310-28,Other
Wind310-29,Other
Wind310-3,Other
Wind310-30,Other
Wind310-31,Other
Wind310-32,Other
Wind310-33,Other
Wind310-34,Other
Wind310-35,Other
Wind310-4,Other
Wind310-5,Other
Wind310-6,Other
Wind310-7,Other
Wind310-8,Other
Wind310-9,Other
Wind315-1,Other
Wind315-10,Other
Wind315-11,Other
Wind315-12,Other
Wind315-13,Other
Wind315-14,Other
Wind315-15,Other
Wind315-16,Other
Wind315-17,Other
Wind315-18,Other
Wind315-19,Other
Wind315-2,Other
Wind315-20,Other
Wind315-21,Other
Wind315-22,Other
Wind315-23,Other
Wind315-24,Other
Wind315-25,Other
Wind315-26,Other
Wind315-27,Other
Wind315-28,Other
Wind315-29,Other
Wind315-3,Other
Wind315-30,Other
Wind315-31,Other
Wind315-32,Other
Wind315-33,Other
Wind315-34,Other
Wind315-35,Other
Wind315-4,Other
Wind315-5,Other
Wind315-6,Other
Wind315-7,Other
Wind315-8,Other
Wind315-9,Other
Wind320-1,Other
Wind320-10,Other
Wind320-11,Other
Wind320-12,Other
Wind320-13,Other
Wind320-14,Other
Wind320-15,Other
Wind320-16,Other
Wind320-17,Other
Wind320-18,Other
Wind320-19,Other
Wind320-2,Other
Wind320-20,Other
Wind320-21,Other
Wind320-22,Other
Wind320-23,Other
Wind320-24,Other
Wind320-25,Other
Wind320-26,Other
Wind320-27,Other
Wind320-28,Other
Wind320-29,Other
Wind320-3,Other
Wind320-30,Other
Wind320-31,Other
Wind320-32,Other
Wind320-33,Other
Wind320-34,Other
Wind320-35,Other
Wind320-4,Other
Wind320-5,Other
Wind320-6,Other
Wind320-7,Other
Wind320-8,Other
Wind320-9,Other
Wind325-1,Other
Wind325-10,Other
Wind325-11,Other
Wind325-12,Other
Wind325-13,Other
Wind325-14,Other
Wind325-15,Other
Wind325-16,Other
Wind325-17,Other
Wind325-18,Other
Wind325-19,Other
Wind325-2,Other
Wind325-20,Other
Wind325-21,Other
Wind325-22,Other
Wind325-23,Other
Wind325-24,Other
Wind325-25,Other
Wind325-26,Other
Wind325-27,Other
Wind325-28,Other
Wind325-29,Other
Wind325-3,Other
Wind325-30,Other
Wind325-31,Other
Wind325-32,Other
Wind325-33,Other
Wind325-34,Other
Wind325-35,Other
Wind325-4,Other
Wind325-5,Other
Wind325-6,Other
Wind325-7,Other
Wind325-8,Other
Wind325-9,Other
Wind330-1,Other
Wind330-10,Other
Wind330-11,Other
Wind330-12,Other
Wind330-13,Other
Wind330-14,Other
Wind330-15,Other
Wind330-16,Other
Wind330-17,Other
Wind330-18,Other
Wind330-19,Other
Wind330-2,Other
Wind330-20,Other
Wind330-21,Other
Wind330-22,Other
Wind330-23,Other
Wind330-24,Other
Wind330-25,Other
Wind330-26,Other
Wind330-27,Other
Wind330-28,Other
Wind330-29,Other
Wind330-3,Other
Wind330-30,Other
Wind330-31,Other
Wind330-32,Other
Wind330-33,Other
Wind330-34,Other
Wind330-35,Other
Wind330-4,Other
Wind330-5,Other
Wind330-6,Other
Wind330-7,Other
Wind330-8,Other
Wind330-9,Other
Wind335-1,Other
Wind335-10,Other
Wind335-11,Other
Wind335-12,Other
Wind335-13,Other
Wind335-14,Other
Wind335-15,Other
Wind335-16,Other
Wind335-17,Other
Wind335-18,Other
Wind335-19,Other
Wind335-2,Other
Wind335-20,Other
Wind335-21,Other
Wind335-22,Other
Wind335-23,Other
Wind335-24,Other
Wind335-25,Other
Wind335-26,Other
Wind335-27,Other
Wind335-28,Other
Wind335-29,Other
Wind335-3,Other
Wind335-30,Other
Wind335-31,Other
Wind335-32,Other
Wind335-33,Other
Wind335-34,Other
Wind335-35,Other
Wind335-4,Other
Wind335-5,Other
Wind335-6,Other
Wind335-7,Other
Wind335-8,Other
Wind335-9,Other
Wind340-1,Other
Wind340-10,Other
Wind340-11,Other
Wind340-12,Other
Wind340-13,Other
Wind340-14,Other
Wind340-15,Other
Wind340-16,Other
Wind340-17,Other
Wind340-18,Other
Wind340-19,Other
Wind340-2,Other
Wind340-20,Other
Wind340-21,Other
Wind340-22,Other
Wind340-23,Other
Wind340-24,Other
Wind340-25,Other
Wind340-26,Other
Wind340-27,Other
Wind340-28,Other
Wind340-29,Other
Wind340-3,Other
Wind340-30,Other
Wind340-31,Other
Wind340-32,Other
Wind340-33,Other
Wind340-34,Other
Wind340-35,Other
Wind340-4,Other
Wind340-5,Other
Wind340-6,Other
Wind340-7,Other
Wind340-8,Other
Wind340-9,Other
Wind345-1,Other
Wind345-10,Other
Wind345-11,Other
Wind345-12,Other
Wind345-13,Other
Wind345-14,Other
Wind345-15,Other
Wind345-16,Other
Wind345-17,Other
Wind345-18,Other
Wind345-19,Other
Wind345-2,Other
Wind345-20,Other
Wind345-21,Other
Wind345-22,Other
Wind345-23,Other
Wind345-24,Other
Wind345-25,Other
Wind345-26,Other
Wind345-27,Other
Wind345-28,Other
Wind345-29,Other
Wind345-3,Other
Wind345-30,Other
Wind345-31,Other
Wind345-32,Other
Wind345-33,Other
Wind345-34,Other
Wind345-35,Other
Wind345-4,Other
Wind345-5,Other
Wind345-6,Other
Wind345-7,Other
Wind345-8,Other
Wind345-9,Other
Wind350-1,Other
Wind350-10,Other
Wind350-11,Other
Wind350-12,Other
Wind350-13,Other
Wind350-14,Other
Wind350-15,Other
Wind350-16,Other
Wind350-17,Other
Wind350-18,Other
Wind350-19,Other
Wind350-2,Other
Wind350-20,Other
Wind350-21,Other
Wind350-22,Other
Wind350-23,Other
Wind350-24,Other
Wind350-25,Other
Wind350-26,Other
Wind350-27,Other
Wind350-28,Other
Wind350-29,Other
Wind350-3,Other
Wind350-30,Other
Wind350-31,Other
Wind350-32,Other
Wind350-33,Other
Wind350-34,Other
Wind350-35,Other
Wind350-4,Other
Wind350-5,Other
Wind350-6,Other
Wind350-7,Other
Wind350-8,Other
Wind350-9,Other
Wind355-1,Other
Wind355-10,Other
Wind355-11,Other
Wind355-12,Other
Wind355-13,Other
Wind355-14,Other
Wind355-15,Other
Wind355-16,Other
Wind355-17,Other
Wind355-18,Other
Wind355-19,Other
Wind355-2,Other
Wind355-20,Other
Wind355-21,Other
Wind355-22,Other
Wind355-23,Other
Wind355-24,Other
Wind355-25,Other
Wind355-26,Other
Wind355-27,Other
Wind355-28,Other
Wind355-29,Other
Wind355-3,Other
Wind355-30,Other
Wind355-31,Other
Wind355-32,Other
Wind355-33,Other
Wind355-34,Other
Wind355-35,Other
Wind355-4,Other
Wind355-5,Other
Wind355-6,Other
Wind355-7,Other
Wind355-8,Other
Wind355-9,Other
Wind360-1,Other
Wind360-10,Other
Wind360-11,Other
Wind360-12,Other
Wind360-13,Other
Wind360-14,Other
Wind360-15,Other
Wind360-16,Other
Wind360-17,Other
Wind360-18,Other
Wind360-19,Other
Wind360-2,Other
Wind360-20,Other
Wind360-21,Other
Wind360-22,Other
Wind360-23,Other
Wind360-24,Other
Wind360-25,Other
Wind360-26,Other
Wind360-27,Other
Wind360-28,Other
Wind360-29,Other
Wind360-3,Other
Wind360-30,Other
Wind360-31,Other
Wind360-32,Other
Wind360-33,Other
Wind360-34,Other
Wind360-35,Other
Wind360-4,Other
Wind360-5,Other
Wind360-6,Other
Wind360-7,Other
Wind360-8,Other
Wind360-9,Other
Y4,Other
